episode,steps,reward,success,avg_loss
0,21,10.0000,1,0.5625
1,80,0.0000,0,0.0479
2,80,0.0000,0,-0.0281
3,80,0.0000,0,-0.0443
4,80,0.0000,0,-0.0208
5,80,0.0000,0,-0.0022
6,80,0.0000,0,-0.0007
7,80,0.0000,0,-0.0064
8,80,0.0000,0,-0.0126
9,80,0.0000,0,-0.0255
10,80,0.0000,0,-0.0157
11,80,0.0000,0,-0.0071
12,80,0.0000,0,-0.0064
13,25,10.0000,1,0.4634
14,80,0.0000,0,0.0291
15,21,10.0000,1,0.4680
16,80,0.0000,0,0.0655
17,80,0.0000,0,0.0309
18,19,10.0000,1,0.3711
19,46,10.0000,1,0.4582
20,80,0.0000,0,0.0828
21,80,0.0000,0,0.0525
22,80,0.0000,0,-0.0554
23,13,10.0000,1,0.3247
24,11,10.0000,1,0.3718
25,80,0.0000,0,0.1180
26,7,10.0000,1,0.2622
27,13,10.0000,1,0.2841
28,8,10.0000,1,0.2802
29,10,10.0000,1,0.4020
30,80,0.0000,0,0.2069
31,80,0.0000,0,0.1344
32,80,0.0000,0,-0.0339
33,80,0.0000,0,-0.0576
34,80,0.0000,0,-0.1056
35,80,0.0000,0,-0.0326
36,9,10.0000,1,0.2017
37,80,0.0000,0,0.0439
38,80,0.0000,0,0.0765
39,80,0.0000,0,0.0511
40,7,10.0000,1,0.2324
41,7,10.0000,1,0.1911
42,80,0.0000,0,0.0744
43,80,0.0000,0,-0.0139
44,80,0.0000,0,-0.0116
45,80,0.0000,0,0.0557
46,80,0.0000,0,0.0417
47,80,0.0000,0,0.0043
48,80,0.0000,0,-0.0082
49,80,0.0000,0,-0.0279
50,80,0.0000,0,-0.0255
51,80,0.0000,0,-0.0549
52,80,0.0000,0,0.0188
53,80,0.0000,0,0.0291
54,80,0.0000,0,0.0325
55,80,0.0000,0,0.0221
56,80,0.0000,0,-0.0064
57,8,10.0000,1,0.3741
58,80,0.0000,0,0.0050
59,8,10.0000,1,0.1833
60,80,0.0000,0,0.0303
61,80,0.0000,0,0.0366
62,80,0.0000,0,0.0222
63,80,0.0000,0,-0.0035
64,80,0.0000,0,-0.0210
65,80,0.0000,0,-0.0222
66,80,0.0000,0,-0.0124
67,80,0.0000,0,-0.0011
68,80,0.0000,0,0.0051
69,80,0.0000,0,0.0050
70,80,0.0000,0,0.0011
71,80,0.0000,0,-0.0029
72,80,0.0000,0,-0.0042
73,80,0.0000,0,-0.0021
74,80,0.0000,0,0.0011
75,80,0.0000,0,0.0028
76,80,0.0000,0,0.0022
77,80,0.0000,0,0.0008
78,80,0.0000,0,0.0001
79,80,0.0000,0,0.0005
80,80,0.0000,0,0.0013
81,80,0.0000,0,0.0017
82,80,0.0000,0,0.0015
83,80,0.0000,0,0.0011
84,80,0.0000,0,0.0009
85,80,0.0000,0,0.0009
86,80,0.0000,0,0.0011
87,80,0.0000,0,0.0012
88,80,0.0000,0,0.0186
89,80,0.0000,0,-0.0111
90,80,0.0000,0,-0.0097
91,80,0.0000,0,-0.0012
92,80,0.0000,0,0.0059
93,80,0.0000,0,0.0069
94,80,0.0000,0,0.0033
95,80,0.0000,0,-0.0008
96,80,0.0000,0,-0.0025
97,80,0.0000,0,-0.0013
98,80,0.0000,0,0.0008
99,80,0.0000,0,0.0020
100,80,0.0000,0,0.0017
101,80,0.0000,0,0.0005
102,80,0.0000,0,-0.0003
103,80,0.0000,0,-0.0003
104,80,0.0000,0,0.0046
105,80,0.0000,0,-0.0022
106,80,0.0000,0,-0.0018
107,80,0.0000,0,0.0003
108,80,0.0000,0,0.0017
109,80,0.0000,0,0.0053
110,80,0.0000,0,-0.0027
111,80,0.0000,0,-0.0027
112,80,0.0000,0,-0.0000
113,80,0.0000,0,0.0019
114,80,0.0000,0,0.0016
115,80,0.0000,0,0.0001
116,80,0.0000,0,-0.0009
117,80,0.0000,0,-0.0006
118,80,0.0000,0,0.0013
119,80,0.0000,0,0.0015
120,80,0.0000,0,-0.0017
121,80,0.0000,0,-0.0011
122,80,0.0000,0,0.0010
123,80,0.0000,0,0.0003
124,80,0.0000,0,-0.0001
125,80,0.0000,0,0.0010
126,80,0.0000,0,-0.0015
127,80,0.0000,0,-0.0009
128,80,0.0000,0,0.0050
129,80,0.0000,0,-0.0039
130,80,0.0000,0,-0.0030
131,80,0.0000,0,0.0004
132,80,0.0000,0,0.0034
133,80,0.0000,0,-0.0016
134,80,0.0000,0,-0.0026
135,80,0.0000,0,-0.0019
136,80,0.0000,0,0.0012
137,80,0.0000,0,-0.0010
138,80,0.0000,0,0.0188
139,80,0.0000,0,-0.0075
140,80,0.0000,0,-0.0230
141,80,0.0000,0,-0.0115
142,8,10.0000,1,0.4255
143,80,0.0000,0,0.0440
144,80,0.0000,0,0.0355
145,80,0.0000,0,0.0287
146,80,0.0000,0,-0.0460
147,80,0.0000,0,-0.0061
148,80,0.0000,0,-0.0406
149,80,0.0000,0,0.0018
150,80,0.0000,0,0.0009
151,80,0.0000,0,0.0219
152,80,0.0000,0,0.0023
153,80,0.0000,0,-0.0260
154,80,0.0000,0,-0.0144
155,80,0.0000,0,-0.0032
156,80,0.0000,0,-0.0016
157,80,0.0000,0,-0.0013
158,10,10.0000,1,0.3693
159,80,0.0000,0,0.0209
160,9,10.0000,1,0.2627
161,80,0.0000,0,0.0959
162,80,0.0000,0,0.0187
163,80,0.0000,0,-0.0481
164,80,0.0000,0,-0.0569
165,80,0.0000,0,-0.0155
166,80,0.0000,0,0.0084
167,8,10.0000,1,0.1609
168,80,0.0000,0,0.0738
169,80,0.0000,0,0.0309
170,80,0.0000,0,-0.0447
171,80,0.0000,0,-0.0393
172,80,0.0000,0,0.0080
173,80,0.0000,0,0.0282
174,80,0.0000,0,0.0032
175,80,0.0000,0,-0.0116
176,80,0.0000,0,-0.0180
177,80,0.0000,0,0.0190
178,80,0.0000,0,0.0038
179,80,0.0000,0,-0.0365
180,80,0.0000,0,-0.0085
181,80,0.0000,0,0.0193
182,80,0.0000,0,0.0065
183,80,0.0000,0,-0.0119
184,80,0.0000,0,-0.0122
185,80,0.0000,0,-0.0096
186,80,0.0000,0,0.0014
187,80,0.0000,0,-0.0037
188,80,0.0000,0,-0.0120
189,80,0.0000,0,-0.0048
190,80,0.0000,0,-0.0001
191,80,0.0000,0,-0.0116
192,80,0.0000,0,-0.0133
193,80,0.0000,0,-0.0044
194,80,0.0000,0,-0.0101
195,80,0.0000,0,-0.0081
196,80,0.0000,0,-0.0093
197,8,10.0000,1,0.3822
198,80,0.0000,0,0.0105
199,80,0.0000,0,0.0091
200,80,0.0000,0,-0.0167
201,80,0.0000,0,-0.0290
202,80,0.0000,0,-0.0236
203,80,0.0000,0,0.0046
204,80,0.0000,0,-0.0005
205,80,0.0000,0,-0.0038
206,80,0.0000,0,-0.0206
207,80,0.0000,0,-0.0236
208,80,0.0000,0,-0.0027
209,80,0.0000,0,-0.0081
210,80,0.0000,0,-0.0017
211,80,0.0000,0,-0.0083
212,80,0.0000,0,-0.0146
213,80,0.0000,0,-0.0131
214,80,0.0000,0,-0.0079
215,80,0.0000,0,-0.0069
216,80,0.0000,0,-0.0081
217,80,0.0000,0,-0.0108
218,80,0.0000,0,-0.0076
219,80,0.0000,0,-0.0077
220,80,0.0000,0,-0.0082
221,80,0.0000,0,-0.0112
222,80,0.0000,0,-0.0085
223,10,10.0000,1,0.4036
224,8,10.0000,1,0.2997
225,80,0.0000,0,0.0619
226,80,0.0000,0,0.0233
227,80,0.0000,0,-0.0336
228,80,0.0000,0,-0.0631
229,80,0.0000,0,-0.0274
230,80,0.0000,0,-0.0113
231,80,0.0000,0,-0.0005
232,80,0.0000,0,-0.0104
233,80,0.0000,0,0.0070
234,80,0.0000,0,-0.0308
235,80,0.0000,0,-0.0117
236,80,0.0000,0,-0.0200
237,80,0.0000,0,-0.0021
238,80,0.0000,0,-0.0087
239,80,0.0000,0,0.0018
240,80,0.0000,0,-0.0134
241,80,0.0000,0,-0.0071
242,80,0.0000,0,-0.0145
243,80,0.0000,0,-0.0115
244,80,0.0000,0,-0.0050
245,80,0.0000,0,-0.0041
246,80,0.0000,0,-0.0040
247,80,0.0000,0,-0.0175
248,80,0.0000,0,-0.0131
249,80,0.0000,0,-0.0084
250,80,0.0000,0,-0.0074
251,80,0.0000,0,-0.0097
252,80,0.0000,0,0.0018
253,80,0.0000,0,-0.0133
254,80,0.0000,0,-0.0136
255,80,0.0000,0,-0.0104
256,80,0.0000,0,-0.0065
257,80,0.0000,0,-0.0115
258,80,0.0000,0,-0.0085
259,80,0.0000,0,-0.0114
260,80,0.0000,0,-0.0137
261,80,0.0000,0,-0.0072
262,80,0.0000,0,-0.0089
263,80,0.0000,0,-0.0090
264,80,0.0000,0,-0.0141
265,30,10.0000,1,0.4697
266,80,0.0000,0,0.0253
267,80,0.0000,0,0.0345
268,20,10.0000,1,0.4145
269,80,0.0000,0,0.0049
270,22,10.0000,1,0.3360
271,80,0.0000,0,-0.0465
272,9,10.0000,1,0.0833
273,8,10.0000,1,0.0675
274,80,0.0000,0,0.3915
275,80,0.0000,0,0.2552
276,80,0.0000,0,0.0176
277,80,0.0000,0,-0.0475
278,80,0.0000,0,-0.1188
279,80,0.0000,0,-0.0752
280,80,0.0000,0,-0.0164
281,80,0.0000,0,0.0227
282,80,0.0000,0,0.0292
283,80,0.0000,0,0.0269
284,80,0.0000,0,0.0094
285,80,0.0000,0,-0.0020
286,80,0.0000,0,-0.0099
287,80,0.0000,0,-0.0149
288,80,0.0000,0,-0.0146
289,80,0.0000,0,-0.0179
290,80,0.0000,0,-0.0146
291,80,0.0000,0,-0.0065
292,80,0.0000,0,-0.0077
293,80,0.0000,0,-0.0045
294,80,0.0000,0,-0.0002
295,80,0.0000,0,-0.0057
296,80,0.0000,0,-0.0044
297,80,0.0000,0,-0.0033
298,80,0.0000,0,-0.0113
299,80,0.0000,0,-0.0080
300,80,0.0000,0,-0.0125
301,80,0.0000,0,-0.0101
302,80,0.0000,0,-0.0093
303,80,0.0000,0,-0.0064
304,80,0.0000,0,-0.0065
305,80,0.0000,0,-0.0105
306,80,0.0000,0,-0.0066
307,80,0.0000,0,-0.0104
308,80,0.0000,0,-0.0130
309,13,10.0000,1,0.4361
310,8,10.0000,1,0.3612
311,80,0.0000,0,0.0145
312,80,0.0000,0,0.0137
313,80,0.0000,0,0.0095
314,80,0.0000,0,0.0006
315,80,0.0000,0,-0.0070
316,80,0.0000,0,-0.0180
317,80,0.0000,0,-0.0207
318,80,0.0000,0,-0.0156
319,80,0.0000,0,-0.0188
320,80,0.0000,0,-0.0161
321,80,0.0000,0,-0.0075
322,80,0.0000,0,-0.0048
323,80,0.0000,0,-0.0117
324,80,0.0000,0,-0.0129
325,80,0.0000,0,-0.0082
326,80,0.0000,0,-0.0130
327,80,0.0000,0,-0.0101
328,80,0.0000,0,-0.0094
329,80,0.0000,0,-0.0112
330,80,0.0000,0,-0.0113
331,24,10.0000,1,0.4438
332,80,0.0000,0,-0.0027
333,80,0.0000,0,-0.0014
334,80,0.0000,0,-0.0102
335,80,0.0000,0,-0.0025
336,10,10.0000,1,0.3195
337,80,0.0000,0,-0.0058
338,80,0.0000,0,0.0087
339,80,0.0000,0,-0.0085
340,8,10.0000,1,0.1400
341,80,0.0000,0,0.0137
342,80,0.0000,0,0.0293
343,80,0.0000,0,0.0258
344,80,0.0000,0,0.0009
345,80,0.0000,0,-0.0113
346,80,0.0000,0,-0.0056
347,80,0.0000,0,-0.0140
348,80,0.0000,0,-0.0176
349,80,0.0000,0,-0.0242
350,80,0.0000,0,-0.0158
351,80,0.0000,0,-0.0076
352,80,0.0000,0,-0.0069
353,80,0.0000,0,-0.0097
354,80,0.0000,0,-0.0069
355,80,0.0000,0,-0.0045
356,80,0.0000,0,-0.0084
357,80,0.0000,0,-0.0055
358,45,10.0000,1,0.4767
359,80,0.0000,0,0.0064
360,80,0.0000,0,0.0130
361,80,0.0000,0,0.0085
362,80,0.0000,0,0.0003
363,80,0.0000,0,0.0013
364,80,0.0000,0,-0.0038
365,80,0.0000,0,-0.0129
366,27,10.0000,1,0.4171
367,80,0.0000,0,-0.0151
368,80,0.0000,0,-0.0168
369,80,0.0000,0,-0.0121
370,80,0.0000,0,-0.0042
371,80,0.0000,0,-0.0108
372,80,0.0000,0,-0.0083
373,80,0.0000,0,-0.0113
374,80,0.0000,0,-0.0150
375,80,0.0000,0,-0.0066
376,80,0.0000,0,-0.0134
377,80,0.0000,0,-0.0153
378,80,0.0000,0,-0.0116
379,12,10.0000,1,0.3754
380,80,0.0000,0,-0.0046
381,80,0.0000,0,-0.0058
382,80,0.0000,0,-0.0072
383,80,0.0000,0,0.0027
384,80,0.0000,0,-0.0019
385,80,0.0000,0,-0.0107
386,80,0.0000,0,-0.0116
387,54,10.0000,1,0.4544
388,80,0.0000,0,-0.0145
389,80,0.0000,0,-0.0183
390,80,0.0000,0,-0.0179
391,80,0.0000,0,-0.0146
392,80,0.0000,0,-0.0550
393,80,0.0000,0,0.0034
394,80,0.0000,0,0.0106
395,80,0.0000,0,-0.0013
396,16,10.0000,1,0.3821
397,80,0.0000,0,0.0019
398,80,0.0000,0,-0.0289
399,80,0.0000,0,-0.0255
